 + to_string(eps) + ; + to_string(k) + ; + to_string(dt) + ;
 + to_string(eps) + ; + to_string(k) + ; + to_string(dt) + ;
 + to_string(eps) + ; + to_string(k) + ; + to_string(dt) + ;
 + to_string(eps) + ; + to_string(k) + ; + to_string(dt) + ;
 + to_string(eps) + ; + to_string(k) + ; + to_string(dt) + ;
 + to_string(eps) + ; + to_string(k) + ; + to_string(dt) + ;
 + to_string(eps) + ; + to_string(k) + ; + to_string(dt) + ;
 + to_string(eps) + ; + to_string(k) + ; + to_string(dt) + ;
 + to_string(eps) + ; + to_string(k) + ; + to_string(dt) + ;
 + to_string(eps) + ; + to_string(k) + ; + to_string(dt) + ;
 + to_string(eps) + ; + to_string(k) + ; + to_string(dt) + ;
 + to_string(eps) + ; + to_string(k) + ; + to_string(dt) + ;
 + to_string(eps) + ; + to_string(k) + ; + to_string(dt) + ;
 + to_string(eps) + ; + to_string(k) + ; + to_string(dt) + ;
 + to_string(eps) + ; + to_string(k) + ; + to_string(dt) + ;
 + to_string(eps) + ; + to_string(k) + ; + to_string(dt) + ;
 + to_string(eps) + ; + to_string(k) + ; + to_string(dt) + ;
 + to_string(eps) + ; + to_string(k) + ; + to_string(dt) + ;
 + to_string(eps) + ; + to_string(k) + ; + to_string(dt) + ;
 + to_string(eps) + ; + to_string(k) + ; + to_string(dt) + ;
 + to_string(eps) + ; + to_string(k) + ; + to_string(dt) + ;
 + to_string(eps) + ; + to_string(k) + ; + to_string(dt) + ;
 + to_string(eps) + ; + to_string(k) + ; + to_string(dt) + ;
 + to_string(eps) + ; + to_string(k) + ; + to_string(dt) + ;
 + to_string(eps) + ; + to_string(k) + ; + to_string(dt) + ;
 + to_string(eps) + ; + to_string(k) + ; + to_string(dt) + ;
 + to_string(eps) + ; + to_string(k) + ; + to_string(dt) + ;
 + to_string(eps) + ; + to_string(k) + ; + to_string(dt) + ;
